<?xml version='1.0' encoding='UTF-8'?>
<data>
  <page url="https://golos.ua/">
    <fragment type="text">Новости Украины - последние новости дня</fragment>
    <fragment type="text">В Украине отменили самоизоляцию для въезжающих - Минздрав</fragment>
    <fragment type="text">Анонс пресс – конференции: «Смогут ли украинцы получать по две пенсии по смешанной системе?»</fragment>
    <fragment type="text">«Ситуация ухудшается»: Шмыгаль пригрозил снова ввести в Украине жесткий карантин</fragment>
    <fragment type="text">Спасатели предупредили о новой угрозе паводков на Закарпатье</fragment>
    <fragment type="text">Коронавирус в Украине: в Минздраве назвали самый сложный регион</fragment>
    <fragment type="text">Covid-19 в Киеве: число инфицированных превысило 4,6 тысячи</fragment>
    <fragment type="text">В МВД анонсировали увеличение штрафов за превышение скорости</fragment>
    <fragment type="text">Киев сковали огромные пробки: карата проблемных участков</fragment>
    <fragment type="text">Национал-радикалы получили от власти карт-бланш на террор, поджоги и убийства – ОПЗЖ</fragment>
    <fragment type="text">В Украине отменили самоизоляцию для въезжающих - Минздрав</fragment>
    <fragment type="text">В Харькове жестоко избили члена партий: парень в тяжелом состоянии (ФОТО)</fragment>
    <fragment type="text">Кабмин назначил Сергея Шкарлета и.о. министра образования</fragment>
    <fragment type="text">Кендалл Дженнер позировала на кровати в откровенном белье (ФОТО)</fragment>
    <fragment type="text">В Львовской области мужчина избил знакомую до смерти – полиция</fragment>
    <fragment type="text">Левинкова: Если Зеленский и дальше будет копировать Порошенко, рейтинг "слуг народа" потеряет еще больше</fragment>
    <fragment type="text">«МВФ будет против»: как «слуги народа» собрались повышать прожиточный минимум?</fragment>
    <fragment type="text">Почем «дрова»: Ущерб от наводнения в Прикарпатье оценили в 400 миллионов гривен</fragment>
    <fragment type="text">Аваков готов уйти, а Зеленский не хочет отставки главы МВД?</fragment>
    <fragment type="text">Предвыборный карантин: «Окончательно уронит экономику»</fragment>
    <fragment type="text">С. Яременко: «Больших всплесков курса гривны ожидать не стоит»</fragment>
    <fragment type="text">С. Кравченко: «Мы никогда не узнаем достоверных данных о заболеваемости медиков COVID-19»</fragment>
    <fragment type="text">А. Кучеренко: «Трагедия на Позняках произошла из-за того, что жилищный фонд стал неуправляемым»</fragment>
    <fragment type="text">С. Кожушко: «Наемному работнику не стоит бояться отстаивать свои трудовые права в суде»</fragment>
    <fragment type="text">В. Протас: «Маски могут стать источником распространения коронавируса»</fragment>
    <fragment type="text">Пострадавших от взрыва в киевской многоэтажке поселили в дом-интернат</fragment>
    <fragment type="text">В Киеве на Позняках взорвался дом</fragment>
    <fragment type="text">В Харькове состоялся Чемпионат Украины по скалолазанью</fragment>
    <fragment type="text">На Оболонской набережной проходит ремонт</fragment>
    <fragment type="text">В Киеве митинговали за Порошенко</fragment>
    <fragment type="text">Ярослав Рабошук. В проекте укрупнения районов Украины присутствуют политические мотивы</fragment>
    <fragment type="text">Владимир Фундовный: Экономить на учителях неправильно</fragment>
    <fragment type="text">Урожай-2020: будет ли Украина с хлебом, овощами и фруктами после заморозков? (пресс-конференция)</fragment>
    <fragment type="text">«Право на голос»: «К чему приведут массовые беспорядки в США?»</fragment>
    <fragment type="text">Родион Колышко: Сокращение вакансий идет по всем крупным видам экономической деятельности</fragment>
    <fragment type="text">Усиление карантина не сможет отобрать у киевлян лето</fragment>
    <fragment type="text">Правые утратили монополию на «улицу»</fragment>
    <fragment type="text">Откуда деньги: в госбюджет Украины будут собирать средства проверками и штрафами?</fragment>
    <fragment type="text">Коронавирус и путешествия: где отдохнуть украинцам?</fragment>
    <fragment type="text">«Наливайки», рыбалка, метро: Чем порадовало киевлян ослабление карантина</fragment>
    <fragment type="text">Карантин и проблемы в семье: как не огорчать мужа</fragment>
    <fragment type="text">Новый формат политики пройдет верификацию на выборах этой осенью</fragment>
    <fragment type="text">Коронакризис, СНБОУ и частные интересы</fragment>
    <fragment type="text">Требование МВФ: как власти «продали» финансирование производства</fragment>
    <fragment type="text">Пётр Порошенко удачно сходил во власть</fragment>
    <fragment type="text">Рост безработицы и социальные бунты: что ждет Украину?</fragment>
    <fragment type="image">https://golos.ua/assets/img/logo.png?1502208283</fragment>
    <fragment type="image">https://golos.ua/assets/img/logos.png?1514729362</fragment>
    <fragment type="image">https://golos.ua/assets/img/logo.png?1502208283</fragment>
    <fragment type="image">https://golos.ua/assets/img/rec6.jpg?1593086568</fragment>
    <fragment type="image">https://mc.yandex.ru/watch/42475099</fragment>
  </page>
</data>
