<?xml version='1.0' encoding='UTF-8'?>
<shop>
  <product>
    <description>Зонт-трость детский Fulton Funbrella-2 C603 Black черный механический</description>
    <price>620</price>
    <image>https://wallet.ua/</image>
  </product>
  <product>
    <description>Зонт-трость детский Fulton Funbrella-2 C603 Pink розовый механический</description>
    <price>620</price>
    <image>https://wallet.ua/</image>
  </product>
  <product>
    <description>Зонт-трость детский Fulton Funbrella-2 C603 Silver серебристый  механический</description>
    <price>620</price>
    <image>https://wallet.ua/</image>
  </product>
  <product>
    <description>Зонт-трость  для девочек PAOLO LOL 077-1 светло-розовый с принтом куклы LOL</description>
    <price>170</price>
    <image>https://wallet.ua/</image>
  </product>
  <product>
    <description>Зонт-трость  для девочек PAOLO LOL 077-2 розовый с принтом куклы LOL</description>
    <price>170</price>
    <image>https://wallet.ua/</image>
  </product>
  <product>
    <description>Зонт-трость  для девочек PAOLO LOL 077-3 розовый с принтом куклы LOL</description>
    <price>170</price>
    <image>https://wallet.ua/</image>
  </product>
  <product>
    <description>Зонт-трость для мальчика SKS "BARCELONA" синий</description>
    <price>335</price>
    <image>https://wallet.ua/</image>
  </product>
  <product>
    <description>Зонт-трость для мальчика SKS "BARCELONA" темно-синий</description>
    <price>335</price>
    <image>https://wallet.ua/</image>
  </product>
</shop>
